{"cameraMode":{"drawMode":2,"name":"Shaded Wireframe","section":"Shading Mode"},"sceneLighting":true,"audioPlay":false,"sceneViewState":{"showFog":true,"showMaterialUpdate":false,"showSkybox":true,"showFlares":true,"showImageEffects":true,"showParticleSystems":true},"in2DMode":false,"pivot":{"x":0.36901113390922549,"y":3.666188955307007,"z":11.991863250732422},"rotation":{"x":0.0599641427397728,"y":0.00748501718044281,"z":-0.00044165391591377556,"w":0.9981937408447266},"size":26.457366943359376,"orthographic":false}