{"cameraMode":{"drawMode":2,"name":"Shaded Wireframe","section":"Shading Mode"},"sceneLighting":true,"audioPlay":false,"sceneViewState":{"showFog":true,"showMaterialUpdate":false,"showSkybox":true,"showFlares":true,"showImageEffects":true,"showParticleSystems":true},"in2DMode":false,"pivot":{"x":10.063700675964356,"y":-0.926450252532959,"z":11.408058166503907},"rotation":{"x":0.1961408406496048,"y":0.348545640707016,"z":-0.07483033090829849,"w":0.9135022163391113},"size":15.157001495361329,"orthographic":false}