{"cameraMode":{"drawMode":2,"name":"Shaded Wireframe","section":"Shading Mode"},"sceneLighting":true,"audioPlay":false,"sceneViewState":{"showFog":true,"showMaterialUpdate":false,"showSkybox":true,"showFlares":true,"showImageEffects":true,"showParticleSystems":true},"in2DMode":false,"pivot":{"x":0.5620739459991455,"y":-6.336051940917969,"z":10.676973342895508},"rotation":{"x":0.25515303015708926,"y":0.001450247480534017,"z":-0.00037512631388381124,"w":0.966922402381897},"size":23.566314697265626,"orthographic":false}