{"cameraMode":{"drawMode":2,"name":"Shaded Wireframe","section":"Shading Mode"},"sceneLighting":true,"audioPlay":false,"sceneViewState":{"showFog":true,"showMaterialUpdate":false,"showSkybox":true,"showFlares":true,"showImageEffects":true,"showParticleSystems":true},"in2DMode":false,"pivot":{"x":-1.3745479583740235,"y":-4.011842727661133,"z":5.734889984130859},"rotation":{"x":0.4049782156944275,"y":-0.013713049702346325,"z":0.0060762763023376469,"w":0.9142154455184937},"size":12.228184700012207,"orthographic":false}