{"cameraMode":{"drawMode":2,"name":"Shaded Wireframe","section":"Shading Mode"},"sceneLighting":true,"audioPlay":false,"sceneViewState":{"showFog":true,"showMaterialUpdate":false,"showSkybox":true,"showFlares":true,"showImageEffects":true,"showParticleSystems":true},"in2DMode":false,"pivot":{"x":260.1631774902344,"y":362.2303466796875,"z":51.336090087890628},"rotation":{"x":0.0599641427397728,"y":0.00748501718044281,"z":-0.00044165391591377556,"w":0.9981937408447266},"size":260.1399841308594,"orthographic":false}