{"cameraMode":{"drawMode":0,"name":"Shaded","section":"Shading Mode"},"sceneLighting":true,"audioPlay":false,"sceneViewState":{"showFog":true,"showMaterialUpdate":false,"showSkybox":true,"showFlares":true,"showImageEffects":true,"showParticleSystems":true},"in2DMode":false,"pivot":{"x":8.396240234375,"y":-3.592315673828125,"z":-4.439453125},"rotation":{"x":-0.005682646296918392,"y":0.05097361281514168,"z":0.00028697651578113437,"w":0.9987111687660217},"size":15.383183479309082,"orthographic":true}