{"cameraMode":{"drawMode":2,"name":"Shaded Wireframe","section":"Shading Mode"},"sceneLighting":true,"audioPlay":false,"sceneViewState":{"showFog":true,"showMaterialUpdate":false,"showSkybox":true,"showFlares":true,"showImageEffects":true,"showParticleSystems":true},"in2DMode":false,"pivot":{"x":0.33045145869255068,"y":5.141432285308838,"z":12.170246124267579},"rotation":{"x":0.0599641427397728,"y":0.00748501718044281,"z":-0.00044165391591377556,"w":0.9981937408447266},"size":15.717126846313477,"orthographic":false}