{"cameraMode":{"drawMode":2,"name":"Shaded Wireframe","section":"Shading Mode"},"sceneLighting":true,"audioPlay":false,"sceneViewState":{"showFog":true,"showMaterialUpdate":false,"showSkybox":true,"showFlares":true,"showImageEffects":true,"showParticleSystems":true},"in2DMode":false,"pivot":{"x":-11.66208553314209,"y":-2.3705596923828127,"z":13.289287567138672},"rotation":{"x":0.20761217176914216,"y":-0.4102279841899872,"z":0.09653527289628983,"w":0.8828158378601074},"size":71.2315444946289,"orthographic":false}