{"cameraMode":{"drawMode":2,"name":"Shaded Wireframe","section":"Shading Mode"},"sceneLighting":true,"audioPlay":false,"sceneViewState":{"showFog":true,"showMaterialUpdate":false,"showSkybox":true,"showFlares":true,"showImageEffects":true,"showParticleSystems":true},"in2DMode":false,"pivot":{"x":-5.599353790283203,"y":-26.487682342529298,"z":94.8572998046875},"rotation":{"x":0.1804991364479065,"y":-0.010329247452318669,"z":0.0019144191173836589,"w":0.983549952507019},"size":103.72442626953125,"orthographic":false}