{"cameraMode":{"drawMode":2,"name":"Shaded Wireframe","section":"Shading Mode"},"sceneLighting":true,"audioPlay":false,"sceneViewState":{"showFog":true,"showMaterialUpdate":false,"showSkybox":true,"showFlares":true,"showImageEffects":true,"showParticleSystems":true},"in2DMode":false,"pivot":{"x":-0.2946808934211731,"y":-18.201501846313478,"z":17.78399658203125},"rotation":{"x":0.39949434995651247,"y":-0.012375462800264359,"z":0.005392405204474926,"w":0.9166496992111206},"size":30.795818328857423,"orthographic":false}