{"cameraMode":{"drawMode":0,"name":"Shaded","section":"Shading Mode"},"sceneLighting":false,"audioPlay":false,"sceneViewState":{"showFog":true,"showMaterialUpdate":false,"showSkybox":false,"showFlares":true,"showImageEffects":true,"showParticleSystems":true},"in2DMode":false,"pivot":{"x":-0.5267988443374634,"y":0.5002073049545288,"z":-0.024026095867156984},"rotation":{"x":-0.02906765602529049,"y":0.9255601167678833,"z":-0.0726286917924881,"w":-0.3704308867454529},"size":4.204439640045166,"orthographic":false}