{"cameraMode":{"drawMode":2,"name":"Shaded Wireframe","section":"Shading Mode"},"sceneLighting":true,"audioPlay":false,"sceneViewState":{"showFog":true,"showMaterialUpdate":false,"showSkybox":true,"showFlares":true,"showImageEffects":true,"showParticleSystems":true},"in2DMode":false,"pivot":{"x":1.28292715549469,"y":-0.7857894897460938,"z":22.47620391845703},"rotation":{"x":0.1819177120923996,"y":-0.026548508554697038,"z":0.0049289073795080189,"w":0.9829721450805664},"size":31.211782455444337,"orthographic":false}