{"cameraMode":{"drawMode":2,"name":"Shaded Wireframe","section":"Shading Mode"},"sceneLighting":true,"audioPlay":false,"sceneViewState":{"showFog":true,"showMaterialUpdate":false,"showSkybox":true,"showFlares":true,"showImageEffects":true,"showParticleSystems":true},"in2DMode":false,"pivot":{"x":-10.488548278808594,"y":-7.374300003051758,"z":22.226341247558595},"rotation":{"x":0.13232198357582093,"y":-0.23116429150104524,"z":0.03175636753439903,"w":0.9633702039718628},"size":37.208431243896487,"orthographic":false}