{"cameraMode":{"drawMode":0,"name":"Shaded","section":"Shading Mode"},"sceneLighting":true,"audioPlay":false,"sceneViewState":{"showFog":true,"showMaterialUpdate":false,"showSkybox":true,"showFlares":true,"showImageEffects":true,"showParticleSystems":true},"in2DMode":false,"pivot":{"x":1.9448258876800538,"y":-23.181461334228517,"z":31.08214569091797},"rotation":{"x":0.3053549826145172,"y":0.03284404054284096,"z":-0.010539441369473935,"w":0.9516194462776184},"size":50.72541046142578,"orthographic":false}