{"cameraMode":{"drawMode":2,"name":"Shaded Wireframe","section":"Shading Mode"},"sceneLighting":true,"audioPlay":false,"sceneViewState":{"showFog":true,"showMaterialUpdate":false,"showSkybox":true,"showFlares":true,"showImageEffects":true,"showParticleSystems":true},"in2DMode":false,"pivot":{"x":1.9304157495498658,"y":-5.742196559906006,"z":6.827237606048584},"rotation":{"x":0.31978505849838259,"y":0.0014219868462532759,"z":-0.0004797806032001972,"w":0.947501003742218},"size":16.018842697143556,"orthographic":false}