{"cameraMode":{"drawMode":2,"name":"Shaded Wireframe","section":"Shading Mode"},"sceneLighting":true,"audioPlay":false,"sceneViewState":{"showFog":true,"showMaterialUpdate":false,"showSkybox":true,"showFlares":true,"showImageEffects":true,"showParticleSystems":true},"in2DMode":false,"pivot":{"x":-9.511094093322754,"y":-20.2363338470459,"z":18.506771087646486},"rotation":{"x":0.34485578536987307,"y":-0.04503261297941208,"z":0.016580378636717798,"w":0.9374595284461975},"size":59.97317886352539,"orthographic":false}