{"cameraMode":{"drawMode":2,"name":"Shaded Wireframe","section":"Shading Mode"},"sceneLighting":true,"audioPlay":false,"sceneViewState":{"showFog":true,"showMaterialUpdate":false,"showSkybox":true,"showFlares":true,"showImageEffects":true,"showParticleSystems":true},"in2DMode":false,"pivot":{"x":-0.6180985569953919,"y":-2.293933868408203,"z":10.831277847290039},"rotation":{"x":0.24061065912246705,"y":0.007280400022864342,"z":-0.0018047364428639413,"w":0.970603346824646},"size":17.306734085083009,"orthographic":false}