{"cameraMode":{"drawMode":2,"name":"Shaded Wireframe","section":"Shading Mode"},"sceneLighting":true,"audioPlay":false,"sceneViewState":{"showFog":true,"showMaterialUpdate":false,"showSkybox":true,"showFlares":true,"showImageEffects":true,"showParticleSystems":true},"in2DMode":false,"pivot":{"x":-0.03956755995750427,"y":-0.09408068656921387,"z":11.967334747314454},"rotation":{"x":0.05247555673122406,"y":0.0014987245667725802,"z":-0.00007995963096618652,"w":0.9986289143562317},"size":14.991164207458496,"orthographic":false}