{"cameraMode":{"drawMode":0,"name":"Shaded","section":"Shading Mode"},"sceneLighting":true,"audioPlay":false,"sceneViewState":{"showFog":true,"showMaterialUpdate":false,"showSkybox":true,"showFlares":true,"showImageEffects":true,"showParticleSystems":true},"in2DMode":false,"pivot":{"x":0.040985107421875,"y":-1.77294921875,"z":-2.65283203125},"rotation":{"x":0.011484227143228054,"y":0.9249410033226013,"z":-0.37891533970832827,"w":0.02803557738661766},"size":3.9934897422790529,"orthographic":true}