{"cameraMode":{"drawMode":0,"name":"Shaded","section":"Shading Mode"},"sceneLighting":true,"audioPlay":false,"sceneViewState":{"showFog":true,"showMaterialUpdate":false,"showSkybox":true,"showFlares":true,"showImageEffects":true,"showParticleSystems":true},"in2DMode":false,"pivot":{"x":1.33935546875,"y":1.6884765625,"z":-0.5830078125},"rotation":{"x":0.2493392527103424,"y":-0.04791879653930664,"z":0.012353664264082909,"w":0.9671653509140015},"size":6.540090560913086,"orthographic":true}