{"cameraMode":{"drawMode":2,"name":"Shaded Wireframe","section":"Shading Mode"},"sceneLighting":true,"audioPlay":false,"sceneViewState":{"showFog":true,"showMaterialUpdate":false,"showSkybox":true,"showFlares":true,"showImageEffects":true,"showParticleSystems":true},"in2DMode":false,"pivot":{"x":1.07413911819458,"y":-10.28063678741455,"z":19.42868995666504},"rotation":{"x":0.1789168268442154,"y":0.03541025146842003,"z":-0.006438546814024448,"w":0.9832218289375305},"size":31.504796981811525,"orthographic":false}